{"initial_reset_timestamp": 1623401472.6580133, "timestamps": [1623401544.2334974], "episode_lengths": [27], "episode_rewards": [-0.5892893218813453], "episode_types": ["t"]}